<?xml version="1.0" encoding="UTF-8"?>
    <addon id="repository.highside" name="High Side Repo" version="0.0.1" provider-name="CriviR6">
        <requires>
            <import addon="xbmc.addon" version="12.0.0"/>
        </requires>
        <extension point="xbmc.addon.repository" name="High Side Repo">
            <info compressed="false">https://raw.githubusercontent.com/CriviR6/HighSide/master/_repo/addons.xml</info>
            <checksum>https://raw.githubusercontent.com/CriviR6/HighSide/master/_repo/addons.xml.md5</checksum>
            <datadir zip="true">https://raw.githubusercontent.com/CriviR6/HighSide/master/_repo/</datadir>
            <hashes>false</hashes>
        </extension>
        <extension point="xbmc.addon.metadata">
            <summary>HighSide official Repo</summary>
            <description>Addons y repos variados.</description>
            <platform>all</platform>
    </extension>
</addon>