<?xml version="1.0" encoding="UTF-8" standalone="yes"?>
<addon id="repository.highside" name="HighSide official Repo" version="0.0.1" provider-name="HighSide">
	<extension point="xbmc.addon.repository" name="HighSide official Repo">
		<info compressed="false">https://raw.githubusercontent.com/CriviR6/HighSide/master/addons.xml</info>
		<checksum>https://raw.githubusercontent.com/CriviR6/HighSide/master/addons.xml.md5</checksum>
		<datadir zip="true">https://raw.githubusercontent.com/CriviR6/HighSide/master</datadir>
	</extension>
	<extension point="xbmc.addon.metadata">
		<summary>>HighSide official Repo</summary>
   		<description lang="en">Addons y repos variados.</description>
		<disclaimer></disclaimer>
		<platform>all</platform>
	</extension>
</addon>